time,damage_value
2020/4/10 0:00,5.51428571428571
2020/4/10 0:05,5.05882352941176
2020/4/10 0:10,5.12727272727273
2020/4/10 0:15,4.80769230769231
2020/4/10 0:20,5.04878048780488
2020/4/10 0:25,4.80487804878049
2020/4/10 0:30,5.27450980392157
2020/4/10 0:35,4.23076923076923
2020/4/10 0:40,3.64705882352941
2020/4/10 0:45,4.46153846153846
2020/4/10 0:50,5.85714285714286
2020/4/10 0:55,5.34042553191489
2020/4/10 10:00,5.5
2020/4/10 10:05,5.32558139534884
2020/4/10 10:10,6.875
2020/4/10 10:15,5.3125
2020/4/10 10:20,5.87878787878788
2020/4/10 10:25,5.73170731707317
2020/4/10 10:30,6.66666666666667
2020/4/10 10:35,6.25806451612903
2020/4/10 10:40,5.33333333333333
2020/4/10 10:45,6.0952380952381
2020/4/10 10:50,4.74
2020/4/10 10:55,5.0
2020/4/10 11:00,4.53571428571429
2020/4/10 11:05,5.52777777777778
2020/4/10 11:10,5.73333333333333
2020/4/10 11:15,4.96296296296296
2020/4/10 11:20,6.38888888888889
2020/4/10 11:25,5.03846153846154
2020/4/10 11:30,4.95454545454545
2020/4/10 11:35,5.19512195121951
2020/4/10 11:40,4.95652173913043
2020/4/10 11:45,5.90196078431373
2020/4/10 11:50,5.21739130434783
2020/4/10 11:55,6.5
2020/4/10 12:00,8.57071820372174
2020/4/10 12:05,4.30232558139535
2020/4/10 12:10,4.23076923076923
2020/4/10 12:15,5.5
2020/4/10 12:20,4.70967741935484
2020/4/10 12:25,6.0
2020/4/10 12:30,6.06666666666667
2020/4/10 12:35,5.23529411764706
2020/4/10 12:40,6.13793103448276
2020/4/10 12:45,5.78571428571429
2020/4/10 12:50,6.77777777777778
2020/4/10 12:55,6.0
2020/4/10 13:00,5.0625
2020/4/10 13:05,5.38888888888889
2020/4/10 13:10,5.11111111111111
2020/4/10 13:15,5.52
2020/4/10 13:20,5.60869565217391
2020/4/10 13:25,6.51724137931035
2020/4/10 13:30,4.8974358974359
2020/4/10 13:35,5.65
2020/4/10 13:40,5.17391304347826
2020/4/10 13:45,5.48275862068966
2020/4/10 13:50,5.8695652173913
2020/4/10 13:55,5.7741935483871
2020/4/10 14:00,5.98
2020/4/10 14:05,4.55555555555556
2020/4/10 14:10,5.53488372093023
2020/4/10 14:15,5.74509803921569
2020/4/10 14:20,4.72
2020/4/10 14:25,5.09677419354839
2020/4/10 14:30,5.71875
2020/4/10 14:35,4.45161290322581
2020/4/10 14:40,5.76923076923077
2020/4/10 14:45,5.42857142857143
2020/4/10 14:50,5.97435897435897
2020/4/10 14:55,5.25925925925926
2020/4/10 15:00,5.925
2020/4/10 15:05,5.22033898305085
2020/4/10 15:10,5.60714285714286
2020/4/10 15:15,5.74193548387097
2020/4/10 15:20,4.88571428571429
2020/4/10 15:25,5.425
2020/4/10 15:30,5.42424242424242
2020/4/10 15:35,5.66666666666667
2020/4/10 15:40,5.33333333333333
2020/4/10 15:45,5.46938775510204
2020/4/10 15:50,4.75
2020/4/10 15:55,6.31034482758621
2020/4/10 16:00,4.61290322580645
2020/4/10 16:05,6.17241379310345
2020/4/10 16:10,5.5945945945946
2020/4/10 16:15,5.34615384615385
2020/4/10 16:20,4.37837837837838
2020/4/10 16:25,5.15
2020/4/10 16:30,5.65217391304348
2020/4/10 16:35,5.25
2020/4/10 16:40,6.0
2020/4/10 16:45,5.32142857142857
2020/4/10 16:50,5.775
2020/4/10 16:55,5.10526315789474
2020/4/10 17:00,4.82857142857143
2020/4/10 17:05,4.83333333333333
2020/4/10 17:10,5.06060606060606
2020/4/10 17:15,5.8695652173913
2020/4/10 17:20,5.43103448275862
2020/4/10 17:25,3.5
2020/4/10 17:30,6.19230769230769
2020/4/10 17:35,4.86363636363636
2020/4/10 17:40,5.0
2020/4/10 17:45,5.97142857142857
2020/4/10 17:50,5.4
2020/4/10 17:55,5.96153846153846
2020/4/10 18:00,5.1025641025641
2020/4/10 18:05,5.81481481481482
2020/4/10 18:10,5.25806451612903
2020/4/10 18:15,5.22916666666667
2020/4/10 18:20,6.5
2020/4/10 18:25,5.0253164556962
2020/4/10 18:30,6.85714285714286
2020/4/10 18:35,5.68965517241379
2020/4/10 18:40,5.55102040816327
2020/4/10 18:45,4.35416666666667
2020/4/10 18:50,6.9
2020/4/10 18:55,4.96
2020/4/10 19:00,5.15827338129496
2020/4/10 19:05,4.0
2020/4/10 19:10,6.12727272727273
2020/4/10 19:15,6.26923076923077
2020/4/10 19:20,5.33333333333333
2020/4/10 19:25,5.29545454545455
2020/4/10 19:30,5.74509803921569
2020/4/10 19:35,5.13333333333333
2020/4/10 19:40,5.16
2020/4/10 19:45,6.38461538461539
2020/4/10 19:50,5.14814814814815
2020/4/10 19:55,5.54054054054054
2020/4/10 1:00,4.66666666666667
2020/4/10 1:05,4.46666666666667
2020/4/10 1:10,4.90322580645161
2020/4/10 1:15,5.31818181818182
2020/4/10 1:20,4.66666666666667
2020/4/10 1:25,5.12
2020/4/10 1:30,4.6
2020/4/10 1:35,4.25
2020/4/10 1:40,5.16666666666667
2020/4/10 1:45,6.1875
2020/4/10 1:50,5.0
2020/4/10 1:54,5.41666666666667
2020/4/10 1:55,6.29411764705882
2020/4/10 20:00,6.30769230769231
2020/4/10 20:05,5.65384615384615
2020/4/10 20:10,4.08108108108108
2020/4/10 20:15,5.25
2020/4/10 20:20,5.10714285714286
2020/4/10 20:25,4.92857142857143
2020/4/10 20:30,4.42105263157895
2020/4/10 20:35,4.72222222222222
2020/4/10 20:40,6.13333333333333
2020/4/10 20:45,5.82051282051282
2020/4/10 20:50,5.41176470588235
2020/4/10 20:55,4.75438596491228
2020/4/10 21:00,5.23684210526316
2020/4/10 21:05,5.47619047619048
2020/4/10 21:10,5.55813953488372
2020/4/10 21:15,6.75
2020/4/10 21:20,5.28571428571429
2020/4/10 21:25,5.43333333333333
2020/4/10 21:30,5.22222222222222
2020/4/10 21:35,5.61363636363636
2020/4/10 21:40,4.84
2020/4/10 21:45,5.32258064516129
2020/4/10 21:50,6.04545454545455
2020/4/10 21:55,5.1875
2020/4/10 22:00,5.18867924528302
2020/4/10 22:05,5.15384615384615
2020/4/10 22:10,5.3125
2020/4/10 22:15,4.83333333333333
2020/4/10 22:20,5.12903225806452
2020/4/10 22:25,5.38235294117647
2020/4/10 22:30,5.73076923076923
2020/4/10 22:35,6.47826086956522
2020/4/10 22:40,5.58823529411765
2020/4/10 22:45,4.6875
2020/4/10 22:50,5.41860465116279
2020/4/10 22:55,6.56
2020/4/10 23:00,4.73333333333333
2020/4/10 23:05,5.71698113207547
2020/4/10 23:10,4.83870967741936
2020/4/10 23:15,5.0
2020/4/10 23:20,5.14814814814815
2020/4/10 23:25,5.04109589041096
2020/4/10 23:30,4.97222222222222
2020/4/10 23:35,4.73333333333333
2020/4/10 23:40,5.8421052631579
2020/4/10 23:45,4.53846153846154
2020/4/10 23:50,4.6969696969697
2020/4/10 23:55,6.2
2020/4/10 2:00,5.87096774193548
2020/4/10 2:05,5.3
2020/4/10 2:10,5.46875
2020/4/10 2:15,5.15384615384615
2020/4/10 2:20,5.96296296296296
2020/4/10 2:25,4.61111111111111
2020/4/10 2:30,8.45513763395671
2020/4/10 2:35,5.47222222222222
2020/4/10 2:40,5.44444444444444
2020/4/10 2:45,5.40740740740741
2020/4/10 2:50,5.23529411764706
2020/4/10 2:55,6.175
2020/4/10 3:00,6.7027027027027
2020/4/10 3:05,5.93333333333333
2020/4/10 3:10,4.67647058823529
2020/4/10 3:15,6.57692307692308
2020/4/10 3:20,6.02325581395349
2020/4/10 3:25,5.2
2020/4/10 3:30,5.17021276595745
2020/4/10 3:35,5.1025641025641
2020/4/10 3:40,4.69565217391304
2020/4/10 3:45,5.13333333333333
2020/4/10 3:50,6.40909090909091
2020/4/10 3:55,5.46341463414634
2020/4/10 4:00,5.26190476190476
2020/4/10 4:05,5.22222222222222
2020/4/10 4:10,6.14285714285714
2020/4/10 4:15,5.18518518518519
2020/4/10 4:20,4.07692307692308
2020/4/10 4:25,6.35483870967742
2020/4/10 4:30,5.4
2020/4/10 4:35,5.51219512195122
2020/4/10 4:40,4.9375
2020/4/10 4:45,5.67741935483871
2020/4/10 4:50,6.92307692307692
2020/4/10 4:55,6.15384615384615
2020/4/10 5:00,3.625
2020/4/10 5:05,4.4
2020/4/10 5:10,5.95454545454545
2020/4/10 5:15,5.54545454545455
2020/4/10 5:20,4.5625
2020/4/10 5:25,5.02564102564103
2020/4/10 5:30,6.14285714285714
2020/4/10 5:35,4.32432432432432
2020/4/10 5:40,6.5
2020/4/10 5:45,5.31707317073171
2020/4/10 5:50,5.68181818181818
2020/4/10 5:55,5.76470588235294
2020/4/10 6:00,5.76470588235294
2020/4/10 6:05,4.2
2020/4/10 6:10,5.02564102564103
2020/4/10 6:15,5.60714285714286
2020/4/10 6:20,4.7027027027027
2020/4/10 6:25,5.525
2020/4/10 6:30,6.14285714285714
2020/4/10 6:35,5.37037037037037
2020/4/10 6:40,6.18518518518519
2020/4/10 6:45,5.08108108108108
2020/4/10 6:50,5.51724137931035
2020/4/10 6:55,5.8
2020/4/10 7:00,5.80701754385965
2020/4/10 7:05,6.35294117647059
2020/4/10 7:10,5.37777777777778
2020/4/10 7:15,5.3448275862069
2020/4/10 7:20,5.48648648648649
2020/4/10 7:25,5.61538461538462
2020/4/10 7:30,5.88888888888889
2020/4/10 7:35,5.17647058823529
2020/4/10 7:40,3.78571428571429
2020/4/10 7:45,5.17647058823529
2020/4/10 7:50,5.93939393939394
2020/4/10 7:55,4.96
2020/4/10 8:00,5.75
2020/4/10 8:05,5.92
2020/4/10 8:10,6.4
2020/4/10 8:15,5.37142857142857
2020/4/10 8:20,5.0
2020/4/10 8:25,5.04878048780488
2020/4/10 8:30,5.95652173913043
2020/4/10 8:35,5.82692307692308
2020/4/10 8:40,5.76470588235294
2020/4/10 8:45,5.5625
2020/4/10 8:50,6.09375
2020/4/10 8:55,6.11111111111111
2020/4/10 9:00,5.0
2020/4/10 9:05,5.14285714285714
2020/4/10 9:10,5.30769230769231
2020/4/10 9:15,5.33333333333333
2020/4/10 9:20,6.25714285714286
2020/4/10 9:25,6.1
2020/4/10 9:30,4.90697674418605
2020/4/10 9:35,4.76923076923077
2020/4/10 9:40,5.77777777777778
2020/4/10 9:45,5.54285714285714
2020/4/10 9:50,6.03333333333333
2020/4/10 9:55,5.35483870967742
2020/4/11 0:00,5.44
2020/4/6 0:00,5.87878787878788
2020/4/6 0:05,5.28
2020/4/6 0:10,5.0
2020/4/6 0:15,6.0
2020/4/6 0:20,5.52631578947368
2020/4/6 0:25,4.08571428571429
2020/4/6 0:30,5.0
2020/4/6 0:35,5.1875
2020/4/6 0:40,4.97619047619048
2020/4/6 0:45,4.90909090909091
2020/4/6 0:50,5.14285714285714
2020/4/6 0:55,5.18421052631579
2020/4/6 10:00,4.83673469387755
2020/4/6 10:05,4.1
2020/4/6 10:10,4.62068965517241
2020/4/6 10:15,4.23076923076923
2020/4/6 10:20,5.60975609756098
2020/4/6 10:25,5.39130434782609
2020/4/6 10:30,4.47058823529412
2020/4/6 10:35,5.92592592592593
2020/4/6 10:40,4.625
2020/4/6 10:45,6.0
2020/4/6 10:50,5.2
2020/4/6 10:55,5.48
2020/4/6 11:00,5.51020408163265
2020/4/6 11:05,5.36585365853659
2020/4/6 11:10,5.46153846153846
2020/4/6 11:15,4.85714285714286
2020/4/6 11:20,5.13157894736842
2020/4/6 11:25,5.54545454545455
2020/4/6 11:30,6.2962962962963
2020/4/6 11:35,4.93939393939394
2020/4/6 11:40,5.83333333333333
2020/4/6 11:45,4.91666666666667
2020/4/6 11:50,6.36842105263158
2020/4/6 11:55,5.36666666666667
2020/4/6 12:00,6.0
2020/4/6 12:05,5.10526315789474
2020/4/6 12:10,5.92307692307692
2020/4/6 12:15,5.42592592592593
2020/4/6 12:20,4.82857142857143
2020/4/6 12:25,5.0
2020/4/6 12:30,4.58333333333333
2020/4/6 12:35,5.71794871794872
2020/4/6 12:40,6.35294117647059
2020/4/6 12:45,6.13636363636364
2020/4/6 12:50,5.94444444444444
2020/4/6 12:55,5.43137254901961
2020/4/6 13:00,4.8125
2020/4/6 13:05,5.42857142857143
2020/4/6 13:10,4.64705882352941
2020/4/6 13:15,5.92307692307692
2020/4/6 13:20,5.91803278688525
2020/4/6 13:25,5.14285714285714
2020/4/6 13:30,5.83870967741936
2020/4/6 13:35,4.88372093023256
2020/4/6 13:40,4.96551724137931
2020/4/6 13:45,5.16666666666667
2020/4/6 13:50,5.48
2020/4/6 13:55,5.38095238095238
2020/4/6 14:00,5.55172413793104
2020/4/6 14:05,4.95652173913043
2020/4/6 14:10,4.91836734693878
2020/4/6 14:15,5.54761904761905
2020/4/6 14:20,5.81081081081081
2020/4/6 14:25,4.95238095238095
2020/4/6 14:30,4.07142857142857
2020/4/6 14:35,1.77435897435897
2020/4/6 14:40,2.49358974358974
2020/4/6 14:45,1.90062111801242
2020/4/6 14:50,1.91764705882353
2020/4/6 14:55,2.66463414634146
2020/4/6 15:00,1.85294117647059
2020/4/6 15:05,2.14193548387097
2020/4/6 15:10,2.27118644067797
2020/4/6 15:15,2.84251968503937
2020/4/6 15:20,2.22222222222222
2020/4/6 15:25,3.18181818181818
2020/4/6 15:30,2.58015267175573
2020/4/6 15:35,2.96969696969697
2020/4/6 15:40,2.7196261682243
2020/4/6 15:45,2.72277227722772
2020/4/6 15:50,2.44954128440367
2020/4/6 15:55,2.33333333333333
2020/4/6 16:00,1.66321243523316
2020/4/6 16:05,1.54242928452579
2020/4/6 16:10,1.3491124260355
2020/4/6 16:15,1.65901639344262
2020/4/6 16:20,1.53409090909091
2020/4/6 16:25,1.47388059701493
2020/4/6 16:30,1.56175298804781
2020/4/6 16:35,1.36438923395445
2020/4/6 16:40,1.32790697674419
2020/4/6 16:45,1.47368421052632
2020/4/6 16:50,1.58854166666667
2020/4/6 16:55,1.7112462006079
2020/4/6 17:00,1.62953367875648
2020/4/6 17:05,1.74489795918367
2020/4/6 17:10,1.79734219269103
2020/4/6 17:15,1.85015290519878
2020/4/6 17:20,1.62461538461538
2020/4/6 17:25,2.37254901960784
2020/4/6 17:30,1.89473684210526
2020/4/6 17:35,2.00448430493274
2020/4/6 17:40,1.6989247311828
2020/4/6 17:45,1.91477272727273
2020/4/6 17:50,2.06829268292683
2020/4/6 17:55,2.38524590163934
2020/4/6 18:00,1.62130177514793
2020/4/6 18:05,1.91156462585034
2020/4/6 18:10,2.19565217391304
2020/4/6 18:15,1.90625
2020/4/6 18:20,2.51923076923077
2020/4/6 18:25,2.18974358974359
2020/4/6 18:30,3.12307692307692
2020/4/6 18:35,1.98148148148148
2020/4/6 18:40,1.92553191489362
2020/4/6 18:45,2.47169811320755
2020/4/6 18:50,2.81818181818182
2020/4/6 18:55,2.49438202247191
2020/4/6 19:00,2.62068965517241
2020/4/6 19:05,2.40566037735849
2020/4/6 19:10,3.73958333333333
2020/4/6 19:15,3.34408602150538
2020/4/6 19:20,2.54639175257732
2020/4/6 19:25,3.07246376811594
2020/4/6 19:30,2.70238095238095
2020/4/6 19:35,3.12820512820513
2020/4/6 19:40,3.35227272727273
2020/4/6 19:45,4.25454545454546
2020/4/6 19:50,3.58695652173913
2020/4/6 19:55,4.5
2020/4/6 1:00,5.80487804878049
2020/4/6 1:05,5.29032258064516
2020/4/6 1:10,5.93023255813954
2020/4/6 1:15,5.31147540983607
2020/4/6 1:20,5.67857142857143
2020/4/6 1:25,5.46153846153846
2020/4/6 1:30,5.26315789473684
2020/4/6 1:35,5.71428571428571
2020/4/6 1:40,5.23076923076923
2020/4/6 1:45,5.18181818181818
2020/4/6 1:50,5.775
2020/4/6 1:55,5.15909090909091
2020/4/6 20:00,2.87878787878788
2020/4/6 20:05,3.01408450704225
2020/4/6 20:10,3.85416666666667
2020/4/6 20:15,2.82352941176471
2020/4/6 20:20,3.77777777777778
2020/4/6 20:25,3.78378378378378
2020/4/6 20:30,4.58
2020/4/6 20:35,4.46428571428571
2020/4/6 20:40,4.05
2020/4/6 20:45,3.73846153846154
2020/4/6 20:50,4.32075471698113
2020/4/6 20:55,6.30769230769231
2020/4/6 21:00,4.66666666666667
2020/4/6 21:05,5.22222222222222
2020/4/6 21:10,4.859375
2020/4/6 21:15,4.63157894736842
2020/4/6 21:20,3.79310344827586
2020/4/6 21:25,5.48148148148148
2020/4/6 21:30,5.76470588235294
2020/4/6 21:35,4.76190476190476
2020/4/6 21:40,3.25
2020/4/6 21:45,5.02040816326531
2020/4/6 21:50,5.0
2020/4/6 21:55,4.96296296296296
2020/4/6 22:00,4.51515151515152
2020/4/6 22:05,4.90909090909091
2020/4/6 22:10,5.20454545454545
2020/4/6 22:15,5.64516129032258
2020/4/6 22:20,4.82432432432432
2020/4/6 22:25,4.60869565217391
2020/4/6 22:30,6.88888888888889
2020/4/6 22:35,5.27777777777778
2020/4/6 22:40,5.51219512195122
2020/4/6 22:45,5.82142857142857
2020/4/6 22:50,4.86567164179105
2020/4/6 22:55,5.6
2020/4/6 23:00,6.0
2020/4/6 23:05,4.88888888888889
2020/4/6 23:10,4.8
2020/4/6 23:15,5.11764705882353
2020/4/6 23:20,6.09615384615385
2020/4/6 23:25,4.5
2020/4/6 23:30,5.47058823529412
2020/4/6 23:35,4.96875
2020/4/6 23:40,5.34042553191489
2020/4/6 23:45,4.78125
2020/4/6 23:50,5.74358974358974
2020/4/6 23:55,5.0
2020/4/6 2:00,5.44444444444444
2020/4/6 2:05,5.87179487179487
2020/4/6 2:10,5.42307692307692
2020/4/6 2:15,6.35
2020/4/6 2:20,5.47368421052632
2020/4/6 2:25,6.94444444444444
2020/4/6 2:30,5.37037037037037
2020/4/6 2:35,4.79166666666667
2020/4/6 2:40,6.3125
2020/4/6 2:45,5.92592592592593
2020/4/6 2:50,5.9
2020/4/6 2:55,5.45945945945946
2020/4/6 3:00,4.6140350877193
2020/4/6 3:05,6.31578947368421
2020/4/6 3:10,5.0
2020/4/6 3:15,6.5
2020/4/6 3:20,5.76190476190476
2020/4/6 3:25,5.10526315789474
2020/4/6 3:30,4.66666666666667
2020/4/6 3:35,6.10810810810811
2020/4/6 3:40,5.05555555555556
2020/4/6 3:45,3.08333333333333
2020/4/6 3:50,5.51612903225807
2020/4/6 3:55,4.94117647058824
2020/4/6 4:00,5.87804878048781
2020/4/6 4:05,6.12820512820513
2020/4/6 4:10,4.82352941176471
2020/4/6 4:15,5.98148148148148
2020/4/6 4:20,5.47826086956522
2020/4/6 4:25,6.4
2020/4/6 4:30,6.2
2020/4/6 4:35,6.5
2020/4/6 4:40,4.41176470588235
2020/4/6 4:45,6.22222222222222
2020/4/6 4:50,5.29411764705882
2020/4/6 4:55,6.11111111111111
2020/4/6 5:00,3.4375
2020/4/6 5:05,5.81818181818182
2020/4/6 5:10,6.05405405405405
2020/4/6 5:15,5.73529411764706
2020/4/6 5:20,5.3859649122807
2020/4/6 5:25,5.2962962962963
2020/4/6 5:30,5.77777777777778
2020/4/6 5:35,5.0625
2020/4/6 5:40,6.08333333333333
2020/4/6 5:45,6.24489795918367
2020/4/6 5:50,5.125
2020/4/6 5:55,5.6
2020/4/6 6:00,4.84848484848485
2020/4/6 6:05,5.85714285714286
2020/4/6 6:10,5.42307692307692
2020/4/6 6:15,5.81818181818182
2020/4/6 6:20,5.11111111111111
2020/4/6 6:25,5.78571428571429
2020/4/6 6:30,5.09090909090909
2020/4/6 6:35,6.2
2020/4/6 6:40,5.35483870967742
2020/4/6 6:45,4.95652173913043
2020/4/6 6:50,5.63333333333333
2020/4/6 6:55,4.80555555555556
2020/4/6 7:00,5.41509433962264
2020/4/6 7:05,5.41176470588235
2020/4/6 7:10,5.61764705882353
2020/4/6 7:15,5.3265306122449
2020/4/6 7:20,5.60975609756098
2020/4/6 7:25,5.75925925925926
2020/4/6 7:30,5.61538461538462
2020/4/6 7:35,5.41509433962264
2020/4/6 7:40,5.1875
2020/4/6 7:45,6.0
2020/4/6 7:50,4.66666666666667
2020/4/6 7:55,5.1
2020/4/6 8:00,6.59259259259259
2020/4/6 8:05,6.73076923076923
2020/4/6 8:10,5.35897435897436
2020/4/6 8:15,6.5
2020/4/6 8:20,6.31578947368421
2020/4/6 8:25,4.23809523809524
2020/4/6 8:30,4.65909090909091
2020/4/6 8:35,3.8
2020/4/6 8:40,4.69767441860465
2020/4/6 8:45,6.06976744186047
2020/4/6 8:50,5.43181818181818
2020/4/6 8:55,5.11111111111111
2020/4/6 9:00,3.85714285714286
2020/4/6 9:05,5.14634146341463
2020/4/6 9:10,6.13207547169811
2020/4/6 9:15,5.30769230769231
2020/4/6 9:20,4.95918367346939
2020/4/6 9:25,5.90476190476191
2020/4/6 9:30,4.51515151515152
2020/4/6 9:35,5.11538461538462
2020/4/6 9:40,5.43478260869565
2020/4/6 9:45,5.51428571428571
2020/4/6 9:50,6.02222222222222
2020/4/6 9:55,6.26666666666667
2020/4/7 0:00,5.72222222222222
2020/4/7 0:05,5.3768115942029
2020/4/7 0:10,5.22222222222222
2020/4/7 0:15,4.51428571428571
2020/4/7 0:20,6.27272727272727
2020/4/7 0:25,5.29230769230769
2020/4/7 0:30,6.04347826086957
2020/4/7 0:35,4.81578947368421
2020/4/7 0:40,4.81818181818182
2020/4/7 0:45,5.325
2020/4/7 0:50,5.08474576271186
2020/4/7 0:55,6.13953488372093
2020/4/7 10:00,5.58181818181818
2020/4/7 10:05,4.66
2020/4/7 10:10,6.13636363636364
2020/4/7 10:15,5.88888888888889
2020/4/7 10:20,6.21212121212121
2020/4/7 10:25,5.89473684210526
2020/4/7 10:30,4.47619047619048
2020/4/7 10:35,4.91176470588235
2020/4/7 10:40,4.5
2020/4/7 10:45,5.05172413793104
2020/4/7 10:50,5.075
2020/4/7 10:55,7.25
2020/4/7 11:00,5.38709677419355
2020/4/7 11:05,5.0
2020/4/7 11:10,5.14893617021277
2020/4/7 11:15,5.58974358974359
2020/4/7 11:20,5.86842105263158
2020/4/7 11:25,5.24390243902439
2020/4/7 11:30,4.96551724137931
2020/4/7 11:35,5.88
2020/4/7 11:40,5.3448275862069
2020/4/7 11:45,5.33333333333333
2020/4/7 11:50,6.09090909090909
2020/4/7 11:55,5.69811320754717
2020/4/7 12:00,5.34375
2020/4/7 12:05,4.48387096774194
2020/4/7 12:10,6.62790697674419
2020/4/7 12:15,5.11111111111111
2020/4/7 12:20,5.53488372093023
2020/4/7 12:25,4.86486486486487
2020/4/7 12:30,3.61111111111111
2020/4/7 12:35,5.2
2020/4/7 12:40,6.92592592592593
2020/4/7 12:45,5.34782608695652
2020/4/7 12:50,5.09375
2020/4/7 12:55,4.62790697674419
2020/4/7 13:00,4.17391304347826
2020/4/7 13:05,4.825
2020/4/7 13:10,4.51851851851852
2020/4/7 13:15,6.0625
2020/4/7 13:20,5.12903225806452
2020/4/7 13:25,4.63414634146341
2020/4/7 13:30,5.58181818181818
2020/4/7 13:35,4.71428571428571
2020/4/7 13:40,6.25423728813559
2020/4/7 13:45,6.41379310344828
2020/4/7 13:50,5.07692307692308
2020/4/7 13:55,6.08695652173913
2020/4/7 14:00,6.2258064516129
2020/4/7 14:05,5.46
2020/4/7 14:10,5.17307692307692
2020/4/7 14:15,5.13333333333333
2020/4/7 14:20,5.87878787878788
2020/4/7 14:25,5.59259259259259
2020/4/7 14:30,5.43478260869565
2020/4/7 14:35,4.86666666666667
2020/4/7 14:40,5.1
2020/4/7 14:45,5.38888888888889
2020/4/7 14:50,5.0
2020/4/7 14:55,5.74285714285714
2020/4/7 15:00,5.04761904761905
2020/4/7 15:05,5.34883720930233
2020/4/7 15:10,4.58333333333333
2020/4/7 15:15,6.3
2020/4/7 15:20,5.64516129032258
2020/4/7 15:25,4.96666666666667
2020/4/7 15:30,5.76923076923077
2020/4/7 15:35,5.79310344827586
2020/4/7 15:40,5.30769230769231
2020/4/7 15:45,5.53333333333333
2020/4/7 15:50,5.53333333333333
2020/4/7 15:55,5.61538461538462
2020/4/7 16:00,5.55813953488372
2020/4/7 16:05,5.23809523809524
2020/4/7 16:10,5.51724137931035
2020/4/7 16:15,5.71428571428571
2020/4/7 16:20,5.76923076923077
2020/4/7 16:25,5.45454545454545
2020/4/7 16:30,5.76
2020/4/7 16:35,6.125
2020/4/7 16:40,5.57142857142857
2020/4/7 16:45,6.20588235294118
2020/4/7 16:50,6.76470588235294
2020/4/7 16:55,6.61111111111111
2020/4/7 17:00,6.16
2020/4/7 17:05,5.35483870967742
2020/4/7 17:10,5.22727272727273
2020/4/7 17:15,6.15625
2020/4/7 17:20,5.56410256410256
2020/4/7 17:25,4.47222222222222
2020/4/7 17:30,5.20408163265306
2020/4/7 17:35,5.61538461538462
2020/4/7 17:40,5.51724137931035
2020/4/7 17:45,4.68421052631579
2020/4/7 17:50,5.26086956521739
2020/4/7 17:55,4.47826086956522
2020/4/7 18:00,4.30769230769231
2020/4/7 18:05,5.8
2020/4/7 18:10,4.76666666666667
2020/4/7 18:15,5.21739130434783
2020/4/7 18:20,5.84782608695652
2020/4/7 18:25,5.0952380952381
2020/4/7 18:30,6.68292682926829
2020/4/7 18:35,6.18181818181818
2020/4/7 18:40,4.89795918367347
2020/4/7 18:45,5.22950819672131
2020/4/7 18:50,5.66666666666667
2020/4/7 18:55,6.08333333333333
2020/4/7 19:00,5.06521739130435
2020/4/7 19:05,5.73333333333333
2020/4/7 19:10,5.64583333333333
2020/4/7 19:15,4.51515151515152
2020/4/7 19:20,6.02857142857143
2020/4/7 19:25,5.37037037037037
2020/4/7 19:30,4.93478260869565
2020/4/7 19:35,5.3953488372093
2020/4/7 19:40,4.94117647058824
2020/4/7 19:45,5.52777777777778
2020/4/7 19:50,4.91666666666667
2020/4/7 19:55,5.38461538461539
2020/4/7 1:00,6.26923076923077
2020/4/7 1:05,5.76086956521739
2020/4/7 1:10,5.46
2020/4/7 1:15,5.60416666666667
2020/4/7 1:20,5.44444444444444
2020/4/7 1:25,5.34782608695652
2020/4/7 1:30,5.14814814814815
2020/4/7 1:35,7.11111111111111
2020/4/7 1:40,5.6875
2020/4/7 1:45,5.97435897435897
2020/4/7 1:50,5.12
2020/4/7 1:55,4.06451612903226
2020/4/7 20:00,4.91666666666667
2020/4/7 20:05,5.47619047619048
2020/4/7 20:10,4.89473684210526
2020/4/7 20:15,5.25
2020/4/7 20:20,5.575
2020/4/7 20:25,6.31578947368421
2020/4/7 20:30,4.71428571428571
2020/4/7 20:35,4.96774193548387
2020/4/7 20:40,5.36
2020/4/7 20:45,5.17073170731707
2020/4/7 20:50,4.6
2020/4/7 20:55,5.05
2020/4/7 21:00,5.04545454545455
2020/4/7 21:05,5.56603773584906
2020/4/7 21:10,5.0
2020/4/7 21:15,6.90909090909091
2020/4/7 21:20,5.74193548387097
2020/4/7 21:25,4.85185185185185
2020/4/7 21:30,5.36363636363636
2020/4/7 21:35,5.36585365853659
2020/4/7 21:40,5.53846153846154
2020/4/7 21:45,5.23076923076923
2020/4/7 21:50,5.56603773584906
2020/4/7 21:55,5.92592592592593
2020/4/7 22:00,5.74285714285714
2020/4/7 22:05,4.84615384615385
2020/4/7 22:10,6.05263157894737
2020/4/7 22:15,5.74074074074074
2020/4/7 22:20,6.04651162790698
2020/4/7 22:25,5.61538461538462
2020/4/7 22:30,4.27777777777778
2020/4/7 22:35,5.18367346938776
2020/4/7 22:40,5.78947368421053
2020/4/7 22:45,5.3
2020/4/7 22:50,4.27586206896552
2020/4/7 22:55,4.55555555555556
2020/4/7 23:00,6.03125
2020/4/7 23:05,5.87804878048781
2020/4/7 23:10,5.67741935483871
2020/4/7 23:15,5.0
2020/4/7 23:20,4.6969696969697
2020/4/7 23:25,5.18181818181818
2020/4/7 23:30,4.7741935483871
2020/4/7 23:35,5.82857142857143
2020/4/7 23:40,6.24242424242424
2020/4/7 23:45,5.59322033898305
2020/4/7 23:50,5.22222222222222
2020/4/7 23:55,5.15909090909091
2020/4/7 2:00,4.75
2020/4/7 2:05,6.23076923076923
2020/4/7 2:10,5.5531914893617
2020/4/7 2:15,5.76923076923077
2020/4/7 2:20,6.30769230769231
2020/4/7 2:25,5.88571428571429
2020/4/7 2:30,4.94117647058824
2020/4/7 2:35,5.5625
2020/4/7 2:40,5.3421052631579
2020/4/7 2:45,5.275
2020/4/7 2:50,5.84444444444444
2020/4/7 2:55,5.94594594594595
2020/4/7 3:00,5.80769230769231
2020/4/7 3:05,5.42857142857143
2020/4/7 3:10,5.27777777777778
2020/4/7 3:15,5.975
2020/4/7 3:20,5.37209302325581
2020/4/7 3:25,5.43548387096774
2020/4/7 3:30,6.85714285714286
2020/4/7 3:35,5.17073170731707
2020/4/7 3:40,5.17543859649123
2020/4/7 3:45,6.38461538461539
2020/4/7 3:50,6.16417910447761
2020/4/7 3:55,5.04545454545455
2020/4/7 4:00,5.46153846153846
2020/4/7 4:05,5.72916666666667
2020/4/7 4:10,6.88888888888889
2020/4/7 4:15,6.08333333333333
2020/4/7 4:20,5.55555555555556
2020/4/7 4:25,5.45714285714286
2020/4/7 4:30,4.69444444444444
2020/4/7 4:35,6.35
2020/4/7 4:40,4.88461538461539
2020/4/7 4:45,5.27272727272727
2020/4/7 4:50,4.67647058823529
2020/4/7 4:55,5.63636363636364
2020/4/7 5:00,6.16279069767442
2020/4/7 5:05,5.89655172413793
2020/4/7 5:10,5.57142857142857
2020/4/7 5:15,5.11538461538462
2020/4/7 5:20,4.10526315789474
2020/4/7 5:25,4.96153846153846
2020/4/7 5:30,5.53731343283582
2020/4/7 5:35,5.22
2020/4/7 5:40,4.62962962962963
2020/4/7 5:45,6.0
2020/4/7 5:50,6.04347826086957
2020/4/7 5:55,6.11111111111111
2020/4/7 6:00,5.85714285714286
2020/4/7 6:05,5.0
2020/4/7 6:10,4.66666666666667
2020/4/7 6:15,5.33333333333333
2020/4/7 6:20,5.27777777777778
2020/4/7 6:25,4.69565217391304
2020/4/7 6:30,4.2093023255814
2020/4/7 6:35,4.1875
2020/4/7 6:40,5.55555555555556
2020/4/7 6:45,5.3448275862069
2020/4/7 6:50,5.60869565217391
2020/4/7 6:55,4.39622641509434
2020/4/7 7:00,5.94594594594595
2020/4/7 7:05,5.34090909090909
2020/4/7 7:10,5.95833333333333
2020/4/7 7:15,6.88235294117647
2020/4/7 7:20,4.46666666666667
2020/4/7 7:25,6.64285714285714
2020/4/7 7:30,4.86206896551724
2020/4/7 7:35,5.1
2020/4/7 7:40,5.875
2020/4/7 7:45,4.86486486486487
2020/4/7 7:50,5.04166666666667
2020/4/7 7:55,5.60526315789474
2020/4/7 8:00,5.72972972972973
2020/4/7 8:05,4.0
2020/4/7 8:10,5.52777777777778
2020/4/7 8:15,5.34782608695652
2020/4/7 8:20,5.35294117647059
2020/4/7 8:25,4.21875
2020/4/7 8:30,6.36363636363636
2020/4/7 8:35,4.28571428571429
2020/4/7 8:40,4.88095238095238
2020/4/7 8:45,5.91666666666667
2020/4/7 8:50,5.41176470588235
2020/4/7 8:55,5.67647058823529
2020/4/7 9:00,6.23809523809524
2020/4/7 9:05,5.73913043478261
2020/4/7 9:10,6.57142857142857
2020/4/7 9:15,5.875
2020/4/7 9:20,5.75609756097561
2020/4/7 9:25,5.0
2020/4/7 9:30,5.65714285714286
2020/4/7 9:35,5.63636363636364
2020/4/7 9:40,6.26666666666667
2020/4/7 9:45,5.31666666666667
2020/4/7 9:50,5.25
2020/4/7 9:55,5.58620689655172
2020/4/8 0:00,4.88888888888889
2020/4/8 0:05,5.35593220338983
2020/4/8 0:10,5.875
2020/4/8 0:15,5.6875
2020/4/8 0:20,4.85185185185185
2020/4/8 0:25,5.08108108108108
2020/4/8 0:30,5.39285714285714
2020/4/8 0:35,4.53125
2020/4/8 0:40,3.61904761904762
2020/4/8 0:45,5.16
2020/4/8 0:50,5.51162790697674
2020/4/8 0:55,5.32
2020/4/8 10:00,4.82442748091603
2020/4/8 10:05,5.07209158415842
2020/4/8 10:10,5.1021317212854
2020/4/8 10:15,5.25549538069449
2020/4/8 10:20,5.06210098665119
2020/4/8 10:25,5.10251744009706
2020/4/8 10:30,5.06459054209919
2020/4/8 10:35,5.1218791064389
2020/4/8 10:40,5.08859434949425
2020/4/8 10:45,5.10927152317881
2020/4/8 10:50,5.09004042631386
2020/4/8 10:55,5.0641751604379
2020/4/8 11:00,5.03446909667195
2020/4/8 11:05,5.06079027355623
2020/4/8 11:10,5.02145002145002
2020/4/8 11:15,5.17862037460027
2020/4/8 11:20,5.02887750349325
2020/4/8 11:25,5.06214977075904
2020/4/8 11:30,5.54067757547822
2020/4/8 11:35,5.17800762112139
2020/4/8 11:40,5.27288428324698
2020/4/8 11:45,5.08154761904762
2020/4/8 11:50,5.03331197950032
2020/4/8 11:55,5.20582120582121
2020/4/8 12:00,6.04233350542075
2020/4/8 12:05,6.47359454855196
2020/4/8 12:10,6.33275960986804
2020/4/8 12:15,4.04672897196262
2020/4/8 12:20,3.97572078907436
2020/4/8 12:25,3.92330383480826
2020/4/8 12:30,4.14705882352941
2020/4/8 12:35,4.12931034482759
2020/4/8 12:40,3.93862815884477
2020/4/8 12:45,4.09902597402597
2020/4/8 12:50,3.97912317327766
2020/4/8 12:55,3.89292543021032
2020/4/8 13:00,4.0
2020/4/8 13:05,3.89473684210526
2020/4/8 13:10,4.20283018867925
2020/4/8 13:15,3.95522388059701
2020/4/8 13:20,3.99728997289973
2020/4/8 13:25,3.91740412979351
2020/4/8 13:30,4.11859838274933
2020/4/8 13:35,4.2258064516129
2020/4/8 13:40,4.12171052631579
2020/4/8 13:45,4.03813559322034
2020/4/8 13:50,3.89068825910931
2020/4/8 13:55,3.76063829787234
2020/4/8 14:00,4.42660550458716
2020/4/8 14:05,4.20535714285714
2020/4/8 14:10,3.81447963800905
2020/4/8 14:15,4.305
2020/4/8 14:20,4.22950819672131
2020/4/8 14:25,4.26428571428571
2020/4/8 14:30,3.96803652968037
2020/4/8 14:35,4.07246376811594
2020/4/8 14:40,4.27564102564103
2020/4/8 14:45,4.52083333333333
2020/4/8 14:50,4.12676056338028
2020/4/8 14:55,4.26515151515152
2020/4/8 15:00,4.19424460431655
2020/4/8 15:05,4.18253968253968
2020/4/8 15:10,3.59842519685039
2020/4/8 15:15,4.08928571428571
2020/4/8 15:20,4.44512195121951
2020/4/8 15:25,4.09708737864078
2020/4/8 15:30,4.56701030927835
2020/4/8 15:35,4.14150943396226
2020/4/8 15:40,3.57647058823529
2020/4/8 15:45,4.58762886597938
2020/4/8 15:50,4.18390804597701
2020/4/8 15:55,4.70114942528736
2020/4/8 16:00,4.55045871559633
2020/4/8 16:05,4.8
2020/4/8 16:10,4.16
2020/4/8 16:15,4.05084745762712
2020/4/8 16:20,4.64814814814815
2020/4/8 16:25,4.86567164179105
2020/4/8 16:30,4.55357142857143
2020/4/8 16:35,4.1969696969697
2020/4/8 16:40,4.31372549019608
2020/4/8 16:45,4.64705882352941
2020/4/8 16:50,4.82666666666667
2020/4/8 16:55,4.73913043478261
2020/4/8 17:00,4.42028985507246
2020/4/8 17:05,4.73846153846154
2020/4/8 17:10,4.73529411764706
2020/4/8 17:15,3.82608695652174
2020/4/8 17:20,4.6
2020/4/8 17:25,4.58333333333333
2020/4/8 17:30,4.48275862068966
2020/4/8 17:35,4.97619047619048
2020/4/8 17:40,4.7948717948718
2020/4/8 17:45,4.48148148148148
2020/4/8 17:50,6.11111111111111
2020/4/8 17:55,4.6875
2020/4/8 18:00,5.34615384615385
2020/4/8 18:05,5.20454545454545
2020/4/8 18:10,5.58928571428571
2020/4/8 18:15,6.02564102564103
2020/4/8 18:20,5.26470588235294
2020/4/8 18:25,4.86274509803922
2020/4/8 18:30,5.3
2020/4/8 18:35,5.17391304347826
2020/4/8 18:40,4.875
2020/4/8 18:45,5.0
2020/4/8 18:50,4.79591836734694
2020/4/8 18:55,4.52631578947368
2020/4/8 19:00,6.38461538461539
2020/4/8 19:05,5.23076923076923
2020/4/8 19:10,4.32142857142857
2020/4/8 19:15,6.07142857142857
2020/4/8 19:20,5.10526315789474
2020/4/8 19:25,6.0
2020/4/8 19:30,5.0
2020/4/8 19:35,7.3125
2020/4/8 19:40,5.11111111111111
2020/4/8 19:45,4.85714285714286
2020/4/8 19:50,5.16279069767442
2020/4/8 19:55,4.55172413793104
2020/4/8 1:00,6.18181818181818
2020/4/8 1:05,4.98181818181818
2020/4/8 1:10,5.30434782608696
2020/4/8 1:15,5.44
2020/4/8 1:20,5.54545454545455
2020/4/8 1:25,6.88
2020/4/8 1:30,5.5625
2020/4/8 1:35,4.38888888888889
2020/4/8 1:40,5.65384615384615
2020/4/8 1:45,5.96774193548387
2020/4/8 1:50,4.76
2020/4/8 1:55,6.41176470588235
2020/4/8 20:00,4.19047619047619
2020/4/8 20:05,4.77777777777778
2020/4/8 20:10,4.0
2020/4/8 20:15,6.46153846153846
2020/4/8 20:20,5.77272727272727
2020/4/8 20:25,5.65454545454545
2020/4/8 20:30,5.92857142857143
2020/4/8 20:35,5.25
2020/4/8 20:40,6.17391304347826
2020/4/8 20:45,5.45
2020/4/8 20:50,6.7741935483871
2020/4/8 20:55,5.45
2020/4/8 21:00,5.68181818181818
2020/4/8 21:05,5.92307692307692
2020/4/8 21:10,5.53571428571429
2020/4/8 21:15,5.58333333333333
2020/4/8 21:20,5.82758620689655
2020/4/8 21:25,4.9
2020/4/8 21:30,5.61538461538462
2020/4/8 21:35,5.4
2020/4/8 21:40,5.68421052631579
2020/4/8 21:45,6.46153846153846
2020/4/8 21:50,5.92307692307692
2020/4/8 21:55,5.0
2020/4/8 22:00,5.03703703703704
2020/4/8 22:05,5.45454545454545
2020/4/8 22:10,5.91176470588235
2020/4/8 22:15,5.32432432432432
2020/4/8 22:20,4.88888888888889
2020/4/8 22:25,5.36363636363636
2020/4/8 22:30,5.44444444444444
2020/4/8 22:35,4.76470588235294
2020/4/8 22:40,6.0
2020/4/8 22:45,5.57142857142857
2020/4/8 22:50,6.0
2020/4/8 22:55,5.04545454545455
2020/4/8 23:00,6.54545454545455
2020/4/8 23:05,5.44444444444444
2020/4/8 23:10,4.9375
2020/4/8 23:15,5.37931034482759
2020/4/8 23:20,5.56521739130435
2020/4/8 23:25,4.84615384615385
2020/4/8 23:30,5.75757575757576
2020/4/8 23:35,7.11111111111111
2020/4/8 23:40,4.75
2020/4/8 23:45,7.91008518245872
2020/4/8 23:50,5.04545454545455
2020/4/8 23:55,5.72727272727273
2020/4/8 2:00,6.0
2020/4/8 2:05,4.75862068965517
2020/4/8 2:10,4.94444444444444
2020/4/8 2:15,5.35294117647059
2020/4/8 2:20,4.78125
2020/4/8 2:25,5.66666666666667
2020/4/8 2:30,4.79545454545455
2020/4/8 2:35,5.25
2020/4/8 2:40,5.19047619047619
2020/4/8 2:45,5.18181818181818
2020/4/8 2:50,6.16129032258065
2020/4/8 2:55,4.55555555555556
2020/4/8 3:00,6.19230769230769
2020/4/8 3:05,4.81481481481482
2020/4/8 3:10,5.5625
2020/4/8 3:15,5.5945945945946
2020/4/8 3:20,5.90697674418605
2020/4/8 3:25,5.2962962962963
2020/4/8 3:30,4.84615384615385
2020/4/8 3:35,5.30769230769231
2020/4/8 3:40,5.63636363636364
2020/4/8 3:45,5.80555555555556
2020/4/8 3:50,5.5
2020/4/8 3:55,5.52
2020/4/8 4:00,5.23404255319149
2020/4/8 4:05,5.36
2020/4/8 4:10,6.28947368421053
2020/4/8 4:15,4.38333333333333
2020/4/8 4:20,5.01785714285714
2020/4/8 4:25,4.7027027027027
2020/4/8 4:30,5.55555555555556
2020/4/8 4:35,4.5
2020/4/8 4:40,5.66666666666667
2020/4/8 4:45,6.44444444444444
2020/4/8 4:50,4.97435897435897
2020/4/8 4:55,6.63636363636364
2020/4/8 5:00,5.87878787878788
2020/4/8 5:05,4.27777777777778
2020/4/8 5:10,6.13157894736842
2020/4/8 5:15,5.42105263157895
2020/4/8 5:20,5.38461538461539
2020/4/8 5:25,5.45454545454545
2020/4/8 5:30,4.71794871794872
2020/4/8 5:35,5.44117647058824
2020/4/8 5:40,5.33333333333333
2020/4/8 5:45,5.31707317073171
2020/4/8 5:50,5.175
2020/4/8 5:55,6.14634146341463
2020/4/8 6:00,4.4
2020/4/8 6:05,5.88888888888889
2020/4/8 6:10,6.25
2020/4/8 6:15,5.83333333333333
2020/4/8 6:20,5.75
2020/4/8 6:25,5.39655172413793
2020/4/8 6:30,5.65853658536585
2020/4/8 6:35,6.09756097560976
2020/4/8 6:40,5.1
2020/4/8 6:45,5.94594594594595
2020/4/8 6:50,6.26190476190476
2020/4/8 6:55,6.31372549019608
2020/4/8 7:00,5.31818181818182
2020/4/8 7:10,5.41666666666667
2020/4/8 7:15,6.04347826086957
2020/4/8 7:20,5.84
2020/4/8 7:25,5.42307692307692
2020/4/8 7:30,5.28125
2020/4/8 7:35,6.53846153846154
2020/4/8 7:40,5.43333333333333
2020/4/8 7:45,5.23809523809524
2020/4/8 7:50,5.74285714285714
2020/4/8 7:55,5.18518518518519
2020/4/8 8:00,4.61538461538462
2020/4/8 8:05,4.86842105263158
2020/4/8 8:10,5.5
2020/4/8 8:15,4.69565217391304
2020/4/8 8:20,5.60975609756098
2020/4/8 8:25,4.4
2020/4/8 8:30,4.68292682926829
2020/4/8 8:35,5.78048780487805
2020/4/8 8:40,5.62448700410397
2020/4/8 8:45,5.5524963772889
2020/4/8 8:50,5.39092356687898
2020/4/8 8:55,5.48902275769746
2020/4/8 9:00,5.38473115337255
2020/4/8 9:05,5.42586183026443
2020/4/8 9:10,5.37591797145628
2020/4/8 9:15,5.53788732394366
2020/4/8 9:20,4.96370354270811
2020/4/8 9:25,4.87491842505982
2020/4/8 9:30,4.80500521376434
2020/4/8 9:35,4.87761506276151
2020/4/8 9:40,4.83530707793996
2020/4/8 9:45,4.94814174589456
2020/4/8 9:50,4.89346879535559
2020/4/8 9:55,4.99269145217668
2020/4/9 0:00,5.66666666666667
2020/4/9 0:05,5.59375
2020/4/9 0:10,6.0
2020/4/9 0:15,6.0
2020/4/9 0:20,6.91666666666667
2020/4/9 0:25,6.03333333333333
2020/4/9 0:30,4.57692307692308
2020/4/9 0:35,5.72727272727273
2020/4/9 0:40,5.88235294117647
2020/4/9 0:45,4.39393939393939
2020/4/9 0:50,4.8
2020/4/9 0:55,5.9
2020/4/9 10:00,5.74
2020/4/9 10:05,5.48717948717949
2020/4/9 10:10,5.46875
2020/4/9 10:15,4.64705882352941
2020/4/9 10:20,4.96969696969697
2020/4/9 10:25,6.66666666666667
2020/4/9 10:30,4.78260869565217
2020/4/9 10:35,5.91304347826087
2020/4/9 10:40,4.72413793103448
2020/4/9 10:45,5.5
2020/4/9 10:50,5.25
2020/4/9 10:55,6.52
2020/4/9 11:00,5.02631578947368
2020/4/9 11:05,4.89583333333333
2020/4/9 11:10,5.64285714285714
2020/4/9 11:15,4.38888888888889
2020/4/9 11:20,6.44827586206897
2020/4/9 11:25,5.35897435897436
2020/4/9 11:30,4.75
2020/4/9 11:35,6.15555555555556
2020/4/9 11:40,5.83870967741936
2020/4/9 11:45,6.36363636363636
2020/4/9 11:50,5.16666666666667
2020/4/9 11:55,5.89189189189189
2020/4/9 12:00,5.71153846153846
2020/4/9 12:05,5.03571428571429
2020/4/9 12:10,5.61702127659575
2020/4/9 12:15,4.8
2020/4/9 12:20,4.7
2020/4/9 12:25,4.96969696969697
2020/4/9 12:30,6.1875
2020/4/9 12:35,5.71794871794872
2020/4/9 12:40,5.675
2020/4/9 12:45,5.26923076923077
2020/4/9 12:50,5.06451612903226
2020/4/9 12:55,5.13636363636364
2020/4/9 13:00,4.55769230769231
2020/4/9 13:05,5.9375
2020/4/9 13:10,4.875
2020/4/9 13:15,5.27777777777778
2020/4/9 13:20,7.0
2020/4/9 13:25,5.31034482758621
2020/4/9 13:30,4.78947368421053
2020/4/9 13:35,5.16216216216216
2020/4/9 13:40,6.6
2020/4/9 13:45,5.38461538461539
2020/4/9 13:50,5.95555555555556
2020/4/9 13:55,4.39130434782609
2020/4/9 14:00,5.1219512195122
2020/4/9 14:05,5.82352941176471
2020/4/9 14:10,5.35714285714286
2020/4/9 14:15,5.83050847457627
2020/4/9 14:20,5.57692307692308
2020/4/9 14:25,5.51612903225807
2020/4/9 14:30,6.4
2020/4/9 14:35,5.0
2020/4/9 14:40,4.38333333333333
2020/4/9 14:45,6.4
2020/4/9 14:50,4.73529411764706
2020/4/9 14:55,5.75
2020/4/9 15:00,6.40672451193059
2020/4/9 15:05,4.00780174391923
2020/4/9 15:10,4.16457286432161
2020/4/9 15:15,4.09116022099448
2020/4/9 15:20,3.9748427672956
2020/4/9 15:25,4.1764168190128
2020/4/9 15:30,4.05031446540881
2020/4/9 15:35,4.14467651553744
2020/4/9 15:40,4.15683147262095
2020/4/9 15:45,4.28108426635239
2020/4/9 15:50,4.40530973451327
2020/4/9 15:55,4.16772334293948
2020/4/9 16:00,4.52037967615857
2020/4/9 16:05,4.6730143985137
2020/4/9 16:10,4.69677419354839
2020/4/9 16:15,4.77761194029851
2020/4/9 16:20,4.79738190096756
2020/4/9 16:25,4.87217125382263
2020/4/9 16:30,4.71153846153846
2020/4/9 16:35,5.13817204301075
2020/4/9 16:40,5.39202855443189
2020/4/9 16:45,5.66911764705882
2020/4/9 16:50,5.47501665556296
2020/4/9 16:55,5.51361386138614
2020/4/9 17:00,5.60311284046693
2020/4/9 17:05,5.79840464104424
2020/4/9 17:10,5.58949096880131
2020/4/9 17:15,5.77523659305994
2020/4/9 17:20,5.60555555555556
2020/4/9 17:25,6.06199677938808
2020/4/9 17:30,4.53757225433526
2020/4/9 17:35,4.754039497307
2020/4/9 17:40,4.59640522875817
2020/4/9 17:45,4.55283307810107
2020/4/9 17:50,4.44425087108014
2020/4/9 17:55,4.57508532423208
2020/4/9 18:00,4.44262295081967
2020/4/9 18:05,4.55432372505543
2020/4/9 18:10,4.66008771929825
2020/4/9 18:15,4.61716937354988
2020/4/9 18:20,4.82100238663485
2020/4/9 18:25,4.61152882205514
2020/4/9 18:30,4.53301886792453
2020/4/9 18:35,4.74018126888218
2020/4/9 18:40,4.58490566037736
2020/4/9 18:45,4.35497835497836
2020/4/9 18:50,5.1013986013986
2020/4/9 18:55,4.67045454545455
2020/4/9 19:00,4.52029520295203
2020/4/9 19:05,4.6981981981982
2020/4/9 19:10,4.70048309178744
2020/4/9 19:15,4.97457627118644
2020/4/9 19:20,4.77540106951872
2020/4/9 19:25,4.89047619047619
2020/4/9 19:30,4.61538461538462
2020/4/9 19:35,4.98214285714286
2020/4/9 19:40,4.57360406091371
2020/4/9 19:45,4.55828220858896
2020/4/9 19:50,4.86363636363636
2020/4/9 19:55,4.83333333333333
2020/4/9 1:00,7.18031397734368
2020/4/9 1:05,4.39622641509434
2020/4/9 1:10,5.07692307692308
2020/4/9 1:15,5.04761904761905
2020/4/9 1:20,5.65853658536585
2020/4/9 1:25,5.09090909090909
2020/4/9 1:30,5.38095238095238
2020/4/9 1:35,4.7
2020/4/9 1:40,5.03030303030303
2020/4/9 1:45,6.31034482758621
2020/4/9 1:50,4.96551724137931
2020/4/9 1:55,6.27586206896552
2020/4/9 20:00,4.74809160305344
2020/4/9 20:05,4.66216216216216
2020/4/9 20:10,4.86440677966102
2020/4/9 20:15,5.35
2020/4/9 20:20,4.82530120481928
2020/4/9 20:25,4.9
2020/4/9 20:30,5.33980582524272
2020/4/9 20:35,4.78723404255319
2020/4/9 20:40,5.38461538461539
2020/4/9 20:45,4.71830985915493
2020/4/9 20:50,4.6056338028169
2020/4/9 20:55,5.32
2020/4/9 21:00,5.6
2020/4/9 21:05,4.46511627906977
2020/4/9 21:10,5.27272727272727
2020/4/9 21:15,5.0
2020/4/9 21:20,5.29577464788732
2020/4/9 21:25,4.73333333333333
2020/4/9 21:30,4.32307692307692
2020/4/9 21:35,4.81609195402299
2020/4/9 21:40,5.03333333333333
2020/4/9 21:45,4.36619718309859
2020/4/9 21:50,5.16279069767442
2020/4/9 21:55,5.4
2020/4/9 22:00,5.57407407407407
2020/4/9 22:05,4.63492063492064
2020/4/9 22:10,4.8421052631579
2020/4/9 22:15,4.875
2020/4/9 22:20,4.87804878048781
2020/4/9 22:25,6.37142857142857
2020/4/9 22:30,5.11538461538462
2020/4/9 22:35,4.33333333333333
2020/4/9 22:40,5.325
2020/4/9 22:45,5.18055555555556
2020/4/9 22:50,5.34782608695652
2020/4/9 22:55,6.17777777777778
2020/4/9 23:00,5.22950819672131
2020/4/9 23:05,4.28333333333333
2020/4/9 23:10,4.38709677419355
2020/4/9 23:15,4.91891891891892
2020/4/9 23:20,5.4375
2020/4/9 23:25,5.32
2020/4/9 23:30,4.81818181818182
2020/4/9 23:35,4.23809523809524
2020/4/9 23:40,5.21276595744681
2020/4/9 23:45,5.03571428571429
2020/4/9 23:50,5.14285714285714
2020/4/9 23:55,5.18
2020/4/9 2:00,6.0952380952381
2020/4/9 2:05,4.85416666666667
2020/4/9 2:10,4.79411764705882
2020/4/9 2:15,5.65909090909091
2020/4/9 2:20,6.02941176470588
2020/4/9 2:25,5.73913043478261
2020/4/9 2:30,5.65909090909091
2020/4/9 2:35,5.73333333333333
2020/4/9 2:40,4.22222222222222
2020/4/9 2:45,6.34615384615385
2020/4/9 2:50,6.88888888888889
2020/4/9 2:55,4.7
2020/4/9 3:00,4.68965517241379
2020/4/9 3:05,4.80487804878049
2020/4/9 3:10,5.8
2020/4/9 3:15,4.2
2020/4/9 3:20,4.35
2020/4/9 3:25,7.42857142857143
2020/4/9 3:30,5.39130434782609
2020/4/9 3:35,5.07692307692308
2020/4/9 3:40,6.26470588235294
2020/4/9 3:45,5.19047619047619
2020/4/9 3:50,5.51282051282051
2020/4/9 3:55,4.8
2020/4/9 4:00,6.47058823529412
2020/4/9 4:05,5.02564102564103
2020/4/9 4:10,4.08695652173913
2020/4/9 4:15,5.45833333333333
2020/4/9 4:20,5.78125
2020/4/9 4:25,5.60416666666667
2020/4/9 4:30,5.35714285714286
2020/4/9 4:35,5.06896551724138
2020/4/9 4:40,6.9217454020916
2020/4/9 4:45,4.85714285714286
2020/4/9 4:50,6.71428571428571
2020/4/9 4:55,4.95238095238095
2020/4/9 5:00,5.91666666666667
2020/4/9 5:05,5.46666666666667
2020/4/9 5:10,5.38095238095238
2020/4/9 5:15,4.27272727272727
2020/4/9 5:20,6.28205128205128
2020/4/9 5:25,5.36363636363636
2020/4/9 5:30,5.06
2020/4/9 5:35,5.55555555555556
2020/4/9 5:40,5.3953488372093
2020/4/9 5:45,4.6
2020/4/9 5:50,6.1025641025641
2020/4/9 5:55,6.87804878048781
2020/4/9 6:00,4.71739130434783
2020/4/9 6:05,5.11538461538462
2020/4/9 6:10,4.97058823529412
2020/4/9 6:15,6.175
2020/4/9 6:20,5.73076923076923
2020/4/9 6:25,5.46666666666667
2020/4/9 6:30,5.40909090909091
2020/4/9 6:35,4.58695652173913
2020/4/9 6:40,6.23076923076923
2020/4/9 6:45,5.53846153846154
2020/4/9 6:50,5.7741935483871
2020/4/9 6:55,4.86111111111111
2020/4/9 7:00,5.17647058823529
2020/4/9 7:05,5.95652173913043
2020/4/9 7:10,5.62857142857143
2020/4/9 7:15,4.0
2020/4/9 7:20,6.04166666666667
2020/4/9 7:25,5.5
2020/4/9 7:30,5.08333333333333
2020/4/9 7:35,5.57692307692308
2020/4/9 7:40,5.23076923076923
2020/4/9 7:45,5.0
2020/4/9 7:50,5.74358974358974
2020/4/9 7:55,5.38461538461539
2020/4/9 8:00,4.85
2020/4/9 8:05,5.71428571428571
2020/4/9 8:10,5.52272727272727
2020/4/9 8:15,5.26666666666667
2020/4/9 8:20,5.05882352941176
2020/4/9 8:25,6.07142857142857
2020/4/9 8:30,6.28571428571429
2020/4/9 8:35,5.16666666666667
2020/4/9 8:40,6.15151515151515
2020/4/9 8:45,4.86666666666667
2020/4/9 8:50,5.39130434782609
2020/4/9 8:55,5.73913043478261
2020/4/9 9:00,5.2
2020/4/9 9:05,6.43478260869565
2020/4/9 9:10,5.76923076923077
2020/4/9 9:15,7.9196364932288
2020/4/9 9:20,5.62162162162162
2020/4/9 9:25,5.37142857142857
2020/4/9 9:30,6.27586206896552
2020/4/9 9:35,4.69230769230769
2020/4/9 9:40,4.4
2020/4/9 9:45,5.48333333333333
2020/4/9 9:50,5.2
2020/4/9 9:55,4.80769230769231
